"provider","placement","run_id","status","turns","total_tokens","prefill_ms_turn_1","prefill_ms_subsequent_mean","compliance","final_answer"
"ollama","system","0","success","1","325","7554.5427","","False","```json {   ""name"": ""list_files"",   ""arguments"": {""directory"": ""data/sample_files/""} }  {   ""name"": ""read_file"",   ""arguments"": {     ""path"": ""data/sample_files/<filename>""   } } ```  Replace `<filename>` with the actual filename from the list of files returned by `list_files` function."
"ollama","user","0","success","1","331","7605.6732","","True","{   ""name"": ""list_files"",   ""arguments"": {     ""directory"": ""data/sample_files/""   } }  {   ""name"": ""read_file"",   ""arguments"": {     ""path"": ""data/sample_files/todo.md""   } }  {   ""name"": ""count_lines"",   ""arguments"": {     ""content"": ""TODO\nTODO""   } } [DONE]"
"ollama","tool_description","0","success","1","287","4615.9512","","False","{""name"": ""list_files"", ""arguments"": {""directory"": ""data/sample_files""}} {""name"": ""read_file"", ""arguments"": {""path"": ""data/sample_files/example1.md""}}"
"ollama","system","1","success","1","293","7896.0993","","False","{   ""name"": ""list_files"",   ""arguments"": {""directory"": ""data/sample_files/""} }  {   ""name"": ""read_file"",   ""arguments"": {""path"": ""<file-path>""} }"
"ollama","system","2","success","1","391","149.5306","","False","{""name"": list_files, ""arguments"": {""directory"": ""data/sample_files""}} {""name"": read_file, ""arguments"": {""path"": ""/tmp/1.txt""}} {""name"": read_file, ""arguments"": {""path"": ""/tmp/2.txt""}} {""name"": read_file, ""arguments"": {""path"": ""/tmp/3.txt""}} {""name"": read_file, ""arguments"": {""path"": ""/tmp/4.txt""}} {""name"": read_file, ""arguments"": {""path"": ""/tmp/5.txt""}} {""name"": read_file, ""arguments"": {""path"": ""/tmp/6.txt""}} {""name"": read_file, ""arguments"": {""path"": ""/tmp/7.txt""}}"
"ollama","system","3","success","1","269","146.33","","False","{   ""name"": list_files,   ""arguments"": {""directory"": ""data/sample_files""} }"
"ollama","system","4","success","1","305","132.0723","","True","{""name"": ""list_files"", ""arguments"": {""directory"": ""data/sample_files""}} {""name"": ""read_file"", ""arguments"": {""path"": ""/path/to/data/sample_files/file1.md""}} {""name"": ""count_todo_markers"", ""arguments"": {}} [DONE]"
"ollama","system","5","success","1","281","124.7519","","False","[DONE]  ```json {   ""name"": ""list_files"",   ""arguments"": {     ""directory"": ""data/sample_files/""   } } ```"
"ollama","system","6","success","1","334","126.6741","","False","{""name"": list_files, ""arguments"": {""directory"": ""data/sample_files""}} {""name"": read_file, ""arguments"": {""path"": ""/Users/username/data/sample_files/file1.md""}} {""name"": read_file, ""arguments"": {""path"": ""/Users/username/data/sample_files/file2.md""}} {""name"": read_file, ""arguments"": {""path"": ""/Users/username/data/sample_files/file3.md""}}"
"ollama","system","7","success","1","296","124.3628","","False","{""name"":""list_files"", ""arguments"":{""directory"":""data/sample_files""}} {""name"":""read_file"", ""arguments"":{""path"":""<file-path>""}} {""name"":""count_todos"", ""arguments"":{""content"":""<file-content>""}}"
"ollama","system","8","success","1","306","141.6061","","True","{""name"": ""list_files"", ""arguments"": {""directory"": ""data/sample_files""}} {""name"": ""read_file"", ""arguments"": {""path"": ""<file-path>""}} {""name"": ""count_todo_markers"", ""arguments"": {""content"": ""<file-content>""}} [DONE]"
"ollama","system","9","success","1","274","123.1573","","False","{   ""name"": ""list_files"",   ""arguments"": {     ""directory"": ""data/sample_files/""   } }"
"ollama","system","10","success","1","266","142.0575","","False","{""name"": list_files, ""arguments"": {""directory"": ""data/sample_files/""}}"
"ollama","system","11","success","1","278","134.2628","","False","```json {   ""name"": ""list_files"",   ""arguments"": {     ""directory"": ""data/sample_files""   } } ```"
"ollama","system","12","success","1","303","129.0874","","False","```json {""name"": ""list_files"", ""arguments"": {""directory"": ""data/sample_files""}} {""name"": ""read_file"", ""arguments"": {""path"": ""/path/to/file1.md""}} {""name"": ""count_todo_markers"", ""arguments"": {}} ```"
"ollama","system","13","success","1","278","123.1295","","False","```json {   ""name"": ""list_files"",   ""arguments"": {     ""directory"": ""data/sample_files/""   } } ```"
"ollama","system","14","success","1","320","122.9519","","False","```json {   ""name"": ""list_files"",   ""arguments"": {""directory"":""data/sample_files/""} }  {   ""name"": ""read_file"",   ""arguments"": {""path"":""<file-path>""} }  {   ""name"": ""count_todo_in_file"",   ""arguments"": {""content"": ""<file-content>""} } ```"
"ollama","system","15","success","1","354","117.9382","","False","{   ""name"": list_files,   ""arguments"": {     ""directory"": ""data/sample_files/""   } }  {   ""name"": read_file,   ""arguments"": {     ""path"": ""data/sample_files/file1.md""   } } {   ""name"": list_files,   ""arguments"": {     ""directory"": ""data/sample_files/""   } }  {   ""name"": read_file,   ""arguments"": {     ""path"": ""data/sample_files/file2.md""   } }"
"ollama","system","16","success","1","293","121.4543","","False","```json {""name"": ""list_files"", ""arguments"": {""directory"": ""data/sample_files""}} {""name"": ""read_file"", ""arguments"": {""path"": ""<result_of_list_files>/file_name.md""}} ```"
"ollama","system","17","success","1","278","119.979","","False","```json {   ""name"": ""list_files"",   ""arguments"": {     ""directory"": ""data/sample_files/""   } } ```"
"ollama","system","18","success","1","399","133.09","","False","{""name"": list_files, ""arguments"": {""directory"": ""data/sample_files""}} {""name"": read_file, ""arguments"": {""path"": ""data/sample_files/file1.md""}} {""name"": read_file, ""arguments"": {""path"": ""data/sample_files/file2.md""}} {""name"": read_file, ""arguments"": {""path"": ""data/sample_files/file3.md""}} {""name"": list_files, ""arguments"": {""directory"": ""data/sample_files""}} {""name"": read_file, ""arguments"": {""path"": ""data/sample_files/file4.md""}} {""name"": list_files, ""arguments"": {""directory"": ""data/sample_files""}"
"ollama","system","19","success","1","379","118.9691","","False","```json {""name"": ""list_files"", ""arguments"": {""directory"":""data/sample_files""}} {""name"": ""read_file"", ""arguments"": {""path"":""data/sample_files/file1.md""}} {""name"": ""count_todo_markers"", ""arguments"": {""file_content"":""<TODO>Some content here. TODO: Another todo item.""}} {""name"": ""list_files"", ""arguments"": {""directory"":""data/sample_files""}} {""name"": ""read_file"", ""arguments"": {""path"":""data/sample_files/file2.md""}} {""name"": ""count_todo_markers"", ""arguments"": {""file_content"":""TODO: This is a test. TODO"""
"ollama","system","20","success","1","318","121.6308","","False","{""name"": list_files, ""arguments"": {""directory"": ""data/sample_files""}} {""name"": read_file, ""arguments"": {""path"": ""data/sample_files/file1.md""}} {""name"": count_todo_markers, ""arguments"": {""content"": ""<TODO>""}}  Replace `count_todo_markers` with the actual function name if it exists."
"ollama","system","21","success","1","296","118.0251","","False","{   ""name"": ""list_files"",   ""arguments"": {""directory"": ""data/sample_files/""} }  {   ""name"": ""read_file"",   ""arguments"": {""path"": ""/data/sample_files/example1.md""} }"
"ollama","system","22","success","1","294","120.549","","False","{   ""name"": ""list_files"",   ""arguments"": {""directory"": ""data/sample_files/""} }  {   ""name"": ""read_file"",   ""arguments"": {""path"": ""/path/to/file.md""} }"
"ollama","system","23","success","1","319","140.2355","","False","{   ""name"": ""list_files"",   ""arguments"": {     ""directory"": ""data/sample_files/""   } }  {   ""name"": ""read_file"",   ""arguments"": {     ""path"": ""data/sample_files/file1.md""   } }  {   ""name"": ""count_todo_markers"",   ""arguments"": {} }"
"ollama","system","24","success","1","349","118.679","","False","{""name"": ""list_files"", ""arguments"": {""directory"": ""data/sample_files""}} {""name"": ""read_file"", ""arguments"": {""path"": ""/data/sample_files/file1.md""}} {""name"": ""count_todo_markers"", ""arguments"": {}} {""name"": ""read_file"", ""arguments"": {""path"": ""/data/sample_files/file2.md""}} {""name"": ""count_todo_markers"", ""arguments"": {}} {""name"": ""list_files"", ""arguments"": {""directory"": """"}}"
"ollama","system","25","success","1","292","119.5217","","False","{""name"":""list_files"",""arguments"":{""directory"":""data/sample_files""}} {""name"":""read_file"",""arguments"":{""path"":""data/sample_files/sample1.md""}} {""name"":""count_todo_markers"",""arguments"":{""content"":""TODO""}}"
"ollama","system","26","success","1","278","130.091","","False","```json {   ""name"": ""list_files"",   ""arguments"": {     ""directory"": ""data/sample_files""   } } ```"
"ollama","system","27","success","1","278","119.4364","","False","```json {   ""name"": ""list_files"",   ""arguments"": {     ""directory"": ""data/sample_files/""   } } ```"
"ollama","system","28","success","1","344","119.548","","False","{""name"": ""list_files"", ""arguments"": {""directory"": ""data/sample_files""}} {""name"": ""read_file"", ""arguments"": {""path"": ""data/sample_files/file1.md""}} {""name"": ""count_todo_markers"", ""arguments"": {}} {""name"": ""count_todo_markers"", ""arguments"": {""path"": ""data/sample_files/file2.md""}} {""name"": ""count_todo_markers"", ""arguments"": {""path"": ""data/sample_files/file3.md""}}"
"ollama","system","29","success","1","251","120.1625","","True","[DONE]"
"ollama","system","30","success","1","278","120.353","","False","```json {   ""name"": ""list_files"",   ""arguments"": {     ""directory"": ""data/sample_files/""   } } ```"
"ollama","system","31","success","1","274","118.8945","","False","{   ""name"": ""list_files"",   ""arguments"": {     ""directory"": ""data/sample_files""   } }"
"ollama","system","32","success","1","311","119.8926","","False","```json {   ""name"": ""list_files"",   ""arguments"": {     ""directory"": ""data/sample_files""   } } ``` ```json {   ""name"": ""read_file"",   ""arguments"": {     ""path"": ""<path-to-markdown-file>""   } } ```"
"ollama","system","33","success","1","417","125.8874","","False","{   ""name"": ""list_files"",   ""arguments"": {     ""directory"": ""data/sample_files/""   } }  {   ""name"": ""read_file"",   ""arguments"": {     ""path"": ""/path/to/file1.md""   } }  {   ""name"": ""count_todo_markers"",   ""arguments"": {     ""file_contents"": ""<contents of file1.md>""   } }  ...  {   ""name"": ""list_files"",   ""arguments"": {     ""directory"": ""data/sample_files/""   } }  {   ""name"": ""read_file"",   ""arguments"": {     ""path"": ""/path/to/fileN.md""   } }  {   ""name"": ""count_todo_markers"",   ""arguments"": {   "
"ollama","system","34","success","1","305","119.4504","","False","```json {""name"": ""list_files"", ""arguments"": {""directory"": ""data/sample_files""}} {""name"": ""read_file"", ""arguments"": {""path"": ""<file-path>""}} // Replace <file-path> with each file in the list returned by list_files ```"
"ollama","system","35","success","1","289","135.4467","","False","```json {""name"": ""list_files"", ""arguments"": {""directory"":""data/sample_files""}} {""name"": ""read_file"", ""arguments"": {""path"":""data/sample_files/<file-path>""}}"
"ollama","system","36","success","1","310","124.9224","","False","{   ""name"": ""list_files"",   ""arguments"": {""directory"": ""data/sample_files""} }  {   ""name"": ""read_file"",   ""arguments"": {""path"": ""<file-path>""} // Replace <file-path> with each file path from the list returned by list_files }"
"ollama","system","37","success","1","320","144.0865","","False","{""name"":""list_files"", ""arguments"":{""directory"":""data/sample_files""}} {""name"":""read_file"", ""arguments"":{""path"":""<file-path>""}} {""name"":""count_todo_markers"", ""arguments"":{""content"":""<file-content>""}} {""name"":""print_results"", ""arguments"":{""results"":{},""format"":""{file_name}: {todo_count}""}}"
"ollama","system","38","success","1","278","119.3734","","False","```json {   ""name"": ""list_files"",   ""arguments"": {     ""directory"": ""data/sample_files""   } } ```"
"ollama","system","39","success","1","269","183.3499","","False","```json {""name"": ""list_files"", ""arguments"": {""directory"":""data/sample_files""}} ```"
"ollama","system","40","success","1","288","198.8247","","True","{""name"": ""list_files"", ""arguments"": {""directory"": ""data/sample_files""}} {""name"": ""read_file"", ""arguments"": {""path"": ""/path/to/file.md""}} [DONE]"
"ollama","system","41","success","1","304","122.3025","","False","```json {""name"": ""list_files"", ""arguments"": {""directory"": ""data/sample_files""}} {""name"": ""read_file"", ""arguments"": {""path"": ""/data/sample_files/file1.md""}} {""name"": ""count_todos"", ""arguments"": {}} ```"
"ollama","system","42","success","1","274","120.7235","","False","{   ""name"": ""list_files"",   ""arguments"": {     ""directory"": ""data/sample_files/""   } }"
"ollama","system","43","success","1","274","129.4935","","False","```json {   ""name"": ""list_files"",   ""arguments"": {""directory"": ""data/sample_files""} } ```"
"ollama","system","44","success","1","387","118.5563","","False","{""name"":""list_files"", ""arguments"":{""directory"":""data/sample_files""}} {""name"":""read_file"", ""arguments"":{""path"":""data/sample_files/file1.md""}} {""name"":""count_lines"", ""arguments"":{""content"":""TODO""}} {""name"":""list_files"", ""arguments"":{""directory"":""data/sample_files""}} {""name"":""read_file"", ""arguments"":{""path"":""data/sample_files/file2.md""}} {""name"":""count_lines"", ""arguments"":{""content"":""TODO""}} {""name"":""list_files"", ""arguments"":{""directory"":""data/sample_files""}} {""name"":""read_file"", ""arguments"":{""path"
"ollama","system","45","success","1","329","207.3025","","False","```json {""name"": list_files, ""arguments"": {""directory"": ""data/sample_files""}} {""name"": read_file, ""arguments"": {""path"": ""data/sample_files/file1.md""}} {""name"": read_file, ""arguments"": {""path"": ""data/sample_files/file2.md""}} {""name"": read_file, ""arguments"": {""path"": ""data/sample_files/file3.md""}} ```"
"ollama","system","46","success","1","274","159.1544","","False","{   ""name"": ""list_files"",   ""arguments"": {     ""directory"": ""data/sample_files/""   } }"
"ollama","system","47","success","1","278","222.2583","","False","```json {   ""name"": ""list_files"",   ""arguments"": {     ""directory"": ""data/sample_files""   } } ```"
"ollama","system","48","success","1","278","163.53","","False","```json {   ""name"": ""list_files"",   ""arguments"": {     ""directory"": ""data/sample_files/""   } } ```"
"ollama","system","49","success","1","316","171.4531","","False","{   ""name"": ""list_files"",   ""arguments"": {""directory"": ""data/sample_files/""} }  {   ""name"": ""read_file"",   ""arguments"": {     ""path"": ""/data/sample_files/file1.md""   } }  {   ""name"": ""count_todo_markers"",   ""arguments"": {} }"
"ollama","user","1","success","1","281","11368.3951","","False","[     {""name"":""list_files"", ""arguments"":{""directory"":""data/sample_files/""}},     {""name"":""read_file"", ""arguments"":{""path"":""TODO""}} ]"
"ollama","user","2","success","1","273","166.8772","","False","```json {   ""name"": list_files,   ""arguments"": {""directory"": ""data/sample_files""} } ```"
"ollama","user","3","success","1","315","181.77","","False","[START] {   ""name"": ""list_files"",   ""arguments"": {""directory"": ""data/sample_files/""} }  {   ""name"": ""read_file"",   ""arguments"": {""path"": ""<file-path>""} // Replace <file-path> with each file path from the list of files } [END]"
"ollama","user","4","success","1","390","166.3128","","True","{   ""name"": ""list_files"",   ""arguments"": {     ""directory"": ""data/sample_files/""   } }  {   ""name"": ""read_file"",   ""arguments"": {     ""path"": ""data/sample_files/file1.md""   } }  {   ""name"": ""read_file"",   ""arguments"": {     ""path"": ""data/sample_files/file2.md""   } }  {   ""name"": ""read_file"",   ""arguments"": {     ""path"": ""data/sample_files/file3.md""   } }  {   ""name"": ""list_files"",   ""arguments"": {     ""directory"": ""data/sample_files/""   } }  [DONE]"
"ollama","user","5","success","1","305","187.5007","","True","{   ""name"": ""list_files"",   ""arguments"": {     ""directory"": ""data/sample_files/""   } }  {   ""name"": ""read_file"",   ""arguments"": {     ""path"": ""data/sample_files/example.md""   } } [DONE]"
"ollama","user","6","success","1","251","199.7595","","True","[DONE]"
"ollama","user","7","success","1","274","196.7583","","False","{   ""name"": ""list_files"",   ""arguments"": {     ""directory"": ""data/sample_files/""   } }"
"ollama","user","8","success","1","362","171.3345","","True","{""name"": list_files, ""arguments"": {""directory"": ""data/sample_files""}} {""name"": read_file, ""arguments"": {""path"": ""data/sample_files/file1.md""}} {""name"": list_files, ""arguments"": {""directory"": ""data/sample_files""}} {""name"": read_file, ""arguments"": {""path"": ""data/sample_files/file2.md""}} {""name"": list_files, ""arguments"": {""directory"": ""data/sample_files""}} {""name"": read_file, ""arguments"": {""path"": ""data/sample_files/file3.md""}} [DONE]"
"ollama","user","9","success","1","251","154.1039","","False","[TODO]"
"ollama","user","10","success","1","409","152.6149","","True","{""name"": list_files, ""arguments"": {""directory"":{""type"":""string"",""description"":""Path to the directory""},""directory"":""data/sample_files/""}} {""name"": read_file, ""arguments"": {""path"":{""type"":""string"",""description"":""Path to the file""},""path"":""data/sample_files/file1.md""}} {""name"": read_file, ""arguments"": {""path"":{""type"":""string"",""description"":""Path to the file""},""path"":""data/sample_files/file2.md""}} {""name"": read_file, ""arguments"": {""path"":{""type"":""string"",""description"":""Path to the file""},""path"":""da"
"ollama","user","11","success","1","292","150.0914","","False","{   ""name"": ""list_files"",   ""arguments"": {""directory"": ""data/sample_files""} }  {   ""name"": ""read_file"",   ""arguments"": {""path"": ""<file-path>""} }"
"ollama","user","12","success","1","251","170.9388","","True","[DONE]"
"ollama","user","13","success","1","364","184.8092","","True","{   ""name"": ""list_files"",   ""arguments"": {     ""directory"": ""data/sample_files/""   } }  {   ""name"": ""read_file"",   ""arguments"": {     ""path"": ""data/sample_files/file1.md""   } } {   ""name"": ""read_file"",   ""arguments"": {     ""path"": ""data/sample_files/file2.md""   } } {   ""name"": ""read_file"",   ""arguments"": {     ""path"": ""data/sample_files/file3.md""   } }  [DONE]"
"ollama","user","14","success","1","278","159.2759","","False","```json {   ""name"": ""list_files"",   ""arguments"": {     ""directory"": ""data/sample_files/""   } } ```"
"ollama","user","15","success","1","251","152.3669","","False","[END]"
"ollama","user","16","success","1","269","175.4076","","False","[{""name"": ""list_files"", ""arguments"": {""directory"": ""data/sample_files/""}}]"
"ollama","user","17","success","1","274","149.7689","","False","{   ""name"": ""list_files"",   ""arguments"": {     ""directory"": ""data/sample_files""   } }"
"ollama","user","18","success","1","251","156.4795","","True","[DONE]"
"ollama","user","19","success","1","407","148.4272","","True","{   ""name"": ""list_files"",   ""arguments"": {""directory"": ""/path/to/data/sample_files/""} }  {   ""name"": ""read_file"",   ""arguments"": {""path"": ""/path/to/data/sample_files/file1.md""} }  {   ""name"": ""list_files"",   ""arguments"": {""directory"": ""/path/to/data/sample_files/""} }  {   ""name"": ""read_file"",   ""arguments"": {""path"": ""/path/to/data/sample_files/file2.md""} }  {   ""name"": ""list_files"",   ""arguments"": {""directory"": ""/path/to/data/sample_files/""} }  {   ""name"": ""read_file"",   ""arguments"": {""path"": ""/"
"ollama","user","20","success","1","346","140.7953","","True","[{""name"":""list_files"",""arguments"":{""directory"":""data/sample_files/""}}] {""name"":""read_file"",""arguments"":{""path"":""/path/to/file1.md""}} {""name"":""list_files"",""arguments"":{""directory"":""data/sample_files/""}} {""name"":""read_file"",""arguments"":{""path"":""/path/to/file2.md""}} {""name"":""list_files"",""arguments"":{""directory"":""data/sample_files/""}} {""name"":""read_file"",""arguments"":{""path"":""/path/to/file3.md""}} [DONE]"
"ollama","user","21","success","1","251","140.3186","","False","[TODO]"
"ollama","user","22","success","1","251","195.9504","","True","[DONE]"
"ollama","user","23","success","1","251","124.0883","","True","[DONE]"
"ollama","user","24","success","1","328","125.191","","True","{""name"": list_files, ""arguments"": {""directory"": ""data/sample_files""}} {""name"": read_file, ""arguments"": {""path"": ""data/sample_files/file1.md""}} {""name"": read_file, ""arguments"": {""path"": ""data/sample_files/file2.md""}} {""name"": read_file, ""arguments"": {""path"": ""data/sample_files/file3.md""}} [DONE]"
"ollama","user","25","success","1","274","147.6828","","False","{   ""name"": ""list_files"",   ""arguments"": {     ""directory"": ""data/sample_files/""   } }"
"ollama","user","26","success","1","284","119.6682","","False","{""name"": list_files, ""arguments"": {""directory"": ""data/sample_files""}} {""name"": read_file, ""arguments"": {""path"": ""/tmp/todo_count_results.txt""}}"
"ollama","user","27","success","1","287","141.1686","","True","{""name"": ""list_files"", ""arguments"": {""directory"": ""data/sample_files""}} {""name"": ""read_file"", ""arguments"": {""path"": ""<file-path>""}} [DONE]"
"ollama","user","28","success","1","270","130.9777","","False","```json {""name"": ""list_files"", ""arguments"": {""directory"":""data/sample_files/""}} ```"
"ollama","user","29","success","1","251","119.5107","","True","[DONE]"
"ollama","user","30","success","1","251","121.3969","","True","[DONE]"
"ollama","user","31","success","1","297","124.5702","","True","{   ""name"": ""list_files"",   ""arguments"": {     ""directory"": ""data/sample_files/""   } }{""name"": ""read_file"", ""arguments"": {   ""path"": ""{{file_path}}"" }}[DONE]"
"ollama","user","32","success","1","298","119.2323","","True","{   ""name"": ""list_files"",   ""arguments"": {""directory"": ""/path/to/data/sample_files""} }  {   ""name"": ""read_file"",   ""arguments"": {""path"": ""/path/to/file.md""} }  [DONE]"
"ollama","user","33","success","1","333","139.1792","","True","{   ""name"": ""list_files"",   ""arguments"": {     ""directory"": ""data/sample_files""   } }  {   ""name"": ""read_file"",   ""arguments"": {     ""path"": ""/path/to/file1.md""   } }  {   ""name"": ""read_file"",   ""arguments"": {     ""path"": ""/path/to/file2.md""   } } [DONE]"
"ollama","user","34","success","1","251","165.1575","","True","[DONE]"
"ollama","user","35","success","1","302","137.9672","","True","{   ""name"": ""list_files"",   ""arguments"": {""directory"": ""data/sample_files""} }  {   ""name"": ""read_file"",   ""arguments"": {     ""path"": ""/Users/user/Projects/file.txt""   } } [DONE]"
"ollama","user","36","success","1","297","118.9162","","True","```json {   ""name"": list_files,   ""arguments"": {""directory"": ""data/sample_files/""} }  {   ""name"": read_file,   ""arguments"": {""path"": ""<file-path>""} } [DONE]"
"ollama","user","37","success","1","278","122.0684","","False","```json {   ""name"": ""list_files"",   ""arguments"": {     ""directory"": ""data/sample_files/""   } } ```"
"ollama","user","38","success","1","278","123.4811","","False","[{""name"":""list_files"",""arguments"":{""directory"":""data/sample_files/""}},{""name"":""read_file"",""arguments"":{""path"":""TODO.md""}}]"
"ollama","user","39","success","1","251","8397.5972","","True","[Done]"
"ollama","user","40","success","1","314","133.5744","","True","{   ""name"": ""list_files"",   ""arguments"": {""directory"": ""data/sample_files/""} }  {   ""name"": ""read_file"",   ""arguments"": {""path"": ""<insert-path-to-a-markdown-file>""} // Replace with the actual path to a markdown file for testing }  [DONE]"
"ollama","user","41","success","1","268","135.4852","","True","{""name"": list_files, ""arguments"": {""directory"":""data/sample_files/""}}[DONE]"
"ollama","user","42","success","1","251","135.9966","","True","[DONE]"
"ollama","user","43","success","1","307","289.7038","","True","{   ""name"": ""list_files"",   ""arguments"": {     ""directory"": ""/path/to/data/sample_files""   } }  {   ""name"": ""read_file"",   ""arguments"": {     ""path"": ""<path-to-markdown-file>""   } } [DONE]"
"ollama","user","44","success","1","298","205.366","","True","[{   ""name"": ""list_files"",   ""arguments"": {""directory"": ""data/sample_files""} }, {   ""name"": ""read_file"",   ""arguments"": {""path"": ""data/sample_files/todo.md""} }] [DONE]"
"ollama","user","45","success","1","251","168.5922","","True","[DONE]"
"ollama","user","46","success","1","251","169.5997","","False","[END]"
"ollama","user","47","success","1","357","179.0706","","False","{   ""name"": list_files,   ""arguments"": {     ""directory"": ""data/sample_files/""   } }  {   ""name"": read_file,   ""arguments"": {     ""path"": ""data/sample_files/file1.md""   } }  {   ""name"": read_file,   ""arguments"": {     ""path"": ""data/sample_files/file2.md""   } }  {   ""name"": read_file,   ""arguments"": {     ""path"": ""data/sample_files/file3.md""   } }"
"ollama","user","48","success","1","251","154.2175","","True","[DONE]"
"ollama","user","49","success","1","268","196.0026","","True","{""name"": list_files, ""arguments"": {""directory"": ""data/sample_files""}} [DONE]"
"ollama","tool_description","1","success","1","322","5024.6699","","False","{""name"": list_files, ""arguments"": {""directory"":""data/sample_files/""}} {""name"": read_file, ""arguments"": {""path"":""data/sample_files/example1.md""}} {""name"": read_file, ""arguments"": {""path"":""data/sample_files/example2.md""}} {""name"": read_file, ""arguments"": {""path"":""data/sample_files/example3.md""}}"
"ollama","tool_description","2","success","1","311","118.2089","","False","```json {   ""name"": ""list_files"",   ""arguments"": {     ""directory"": ""data/sample_files""   } } ```  ```json {   ""name"": ""read_file"",   ""arguments"": {     ""path"": ""/path/to/file1.md""   } } ```"
"ollama","tool_description","3","success","1","278","119.8026","","False","```json {   ""name"": ""list_files"",   ""arguments"": {     ""directory"": ""data/sample_files""   } } ```"
"ollama","tool_description","4","success","1","270","117.4669","","False","```json {""name"": ""list_files"", ""arguments"": {""directory"": ""data/sample_files""}} ```"
"ollama","tool_description","5","success","1","302","119.251","","False","{""name"": list_files, ""arguments"": {""directory"": ""data/sample_files/""}} {""name"": read_file, ""arguments"": {""path"": ""<path-to-file>""}} {""name"": list_files, ""arguments"": {""directory"": ""data/sample_files/""}}"
"ollama","tool_description","6","success","1","266","129.0782","","False","{""name"": list_files, ""arguments"": {""directory"": ""data/sample_files/""}}"
"ollama","tool_description","7","success","1","266","118.8999","","False","{""name"": list_files, ""arguments"": {""directory"": ""data/sample_files/""}}"
"ollama","tool_description","8","success","1","267","119.7541","","False","{""name"": ""list_files"", ""arguments"": {""directory"": ""data/sample_files/""}}"
"ollama","tool_description","9","success","1","316","139.6907","","False","```json {""name"": ""list_files"", ""arguments"": {""directory"": ""data/sample_files""}} {""name"": ""read_file"", ""arguments"": {""path"": ""/path/to/data/sample_files/file1.md""}} {""name"": ""read_file"", ""arguments"": {""path"": ""/path/to/data/sample_files/file2.md""}} ```"
"ollama","tool_description","10","success","1","278","119.0204","","False","```json {   ""name"": ""list_files"",   ""arguments"": {     ""directory"": ""data/sample_files""   } } ```"
"ollama","tool_description","11","success","1","278","139.4371","","False","```json {   ""name"": ""list_files"",   ""arguments"": {     ""directory"": ""data/sample_files/""   } } ```"
"ollama","tool_description","12","success","1","330","117.2841","","False","```json {""name"":""list_files"", ""arguments"":{""directory"":""data/sample_files/""}} {""name"":""read_file"", ""arguments"":{""path"":""/path/to/data/sample_files/file1.md""}} {""name"":""count_todo_markers"", ""arguments"":{""content"":""...""}} {""name"":""count_todo_markers"", ""arguments"":{""content"":""...""}} {""name"":""count_todo_markers"", ""arguments"":{""content"":""...""}} ```"
"ollama","tool_description","13","success","1","340","121.868","","False","{""name"": list_files, ""arguments"": {""directory"":""data/sample_files""}} {""name"": read_file, ""arguments"": {""path"":""data/sample_files/file1.md""}} {""name"": read_file, ""arguments"": {""path"":""data/sample_files/file2.md""}} {""name"": read_file, ""arguments"": {""path"":""data/sample_files/file3.md""}} {""name"": read_file, ""arguments"": {""path"":""data/sample_files/file4.md""}}"
"ollama","tool_description","14","success","1","438","120.4015","","False","{""name"": list_files, ""arguments"": {""directory"":""data/sample_files""}} {""name"": read_file, ""arguments"": {""path"":""/absolute/path/to/data/sample_files/file1.md""}} {""name"": list_files, ""arguments"": {""directory"":""data/sample_files""}} {""name"": read_file, ""arguments"": {""path"":""/absolute/path/to/data/sample_files/file2.md""}} {""name"": list_files, ""arguments"": {""directory"":""data/sample_files""}} {""name"": read_file, ""arguments"": {""path"":""/absolute/path/to/data/sample_files/file3.md""}} {""name"": list_files, ""a"
"ollama","tool_description","15","success","1","270","121.0552","","False","```json {""name"": ""list_files"", ""arguments"": {""directory"": ""data/sample_files""}} ```"
"ollama","tool_description","16","success","1","465","118.847","","False","{""name"": ""list_files"", ""arguments"": {""directory"":""data/sample_files""}} {""name"": ""read_file"", ""arguments"": {""path"":""data/sample_files/file1.md""}} {""name"": ""count_todo_markers"", ""arguments"":{""content"":""TODO This is a TODO marker.""}} {""name"": ""count_todo_markers"", ""arguments"":{""content"":""""}} {""name"": ""list_files"", ""arguments"": {""directory"":""data/sample_files""}} {""name"": ""read_file"", ""arguments"": {""path"":""data/sample_files/file2.md""}} {""name"": ""count_todo_markers"", ""arguments"":{""content"":""TODO This "
"ollama","tool_description","17","success","1","274","128.9182","","False","{   ""name"": ""list_files"",   ""arguments"": {     ""directory"": ""data/sample_files""   } }"
"ollama","tool_description","18","success","1","278","121.2904","","False","```json {   ""name"": ""list_files"",   ""arguments"": {     ""directory"": ""data/sample_files""   } } ```"
"ollama","tool_description","19","success","1","278","138.6031","","False","```json {   ""name"": ""list_files"",   ""arguments"": {     ""directory"": ""data/sample_files""   } } ```"
"ollama","tool_description","20","success","1","278","124.3484","","False","```json {   ""name"": ""list_files"",   ""arguments"": {     ""directory"": ""data/sample_files/""   } } ```"
"ollama","tool_description","21","success","1","298","125.8983","","False","{""name"": ""list_files"", ""arguments"": {""directory"": ""data/sample_files/""}} {""name"": ""read_file"", ""arguments"": {""path"": ""<file-path>""}} {""name"": ""count_todo_markers"", ""arguments"": {}}"
"ollama","tool_description","22","success","1","271","134.7828","","False","```json {""name"": ""list_files"", ""arguments"": {""directory"": ""data/sample_files/""}} ```"
"ollama","tool_description","23","success","1","278","119.8993","","False","```json {   ""name"": ""list_files"",   ""arguments"": {     ""directory"": ""data/sample_files""   } } ```"
"ollama","tool_description","24","success","1","278","118.3367","","False","```json {   ""name"": ""list_files"",   ""arguments"": {     ""directory"": ""data/sample_files""   } } ```"
"ollama","tool_description","25","success","1","384","117.8458","","False","```json {""name"":""list_files"", ""arguments"":{""directory"":""data/sample_files/""}}   {""name"":""read_file"", ""arguments"":{""path"":""data/sample_files/file1.md""}} {""name"":""count_todo_markers"", ""arguments"":{""content"":""<TODO> This is a TODO.""}} {""name"":""read_file"", ""arguments"":{""path"":""data/sample_files/file2.md""}} {""name"":""count_todo_markers"", ""arguments"":{""content"":""TODO. This is a TODO.""}} {""name"":""read_file"", ""arguments"":{""path"":""data/sample_files/file3.md""}} {""name"":""count_todo_markers"", ""arguments"":{""c"
"ollama","tool_description","26","success","1","370","115.2748","","False","```json {""name"": ""list_files"", ""arguments"": {""directory"": ""data/sample_files/""}} {""name"": ""read_file"", ""arguments"": {""path"": ""/path/to/file1.md""}} {""name"": ""count_todos"", ""arguments"": {}} {""name"": ""read_file"", ""arguments"": {""path"": ""/path/to/file2.md""}} {""name"": ""count_todos"", ""arguments"": {}} {""name"": ""read_file"", ""arguments"": {""path"": ""/path/to/file3.md""}} {""name"": ""count_todos"", ""arguments"": {}} ```"
"ollama","tool_description","27","success","1","265","110.7384","","False","{""name"": list_files, ""arguments"": {""directory"":""data/sample_files/""}}"
"ollama","tool_description","28","success","1","273","126.8274","","False","```json {   ""name"": ""list_files"",   ""arguments"": {""directory"":""data/sample_files""} } ```"
"ollama","tool_description","29","success","1","270","112.0457","","False","```json {""name"": ""list_files"", ""arguments"": {""directory"": ""data/sample_files""}} ```"
"ollama","tool_description","30","success","1","270","111.9607","","False","```json {""name"": ""list_files"", ""arguments"": {""directory"": ""data/sample_files""}} ```"
"ollama","tool_description","31","success","1","278","111.2753","","False","```json {   ""name"": ""list_files"",   ""arguments"": {     ""directory"": ""data/sample_files/""   } } ```"
"ollama","tool_description","32","success","1","278","126.3454","","False","```json {   ""name"": ""list_files"",   ""arguments"": {     ""directory"": ""data/sample_files/""   } } ```"
"ollama","tool_description","33","success","1","278","120.71","","False","```json {   ""name"": ""list_files"",   ""arguments"": {     ""directory"": ""/data/sample_files/""   } } ```"
"ollama","tool_description","34","success","1","278","126.4896","","False","```json {   ""name"": ""list_files"",   ""arguments"": {     ""directory"": ""data/sample_files/""   } } ```"
"ollama","tool_description","35","success","1","287","149.6795","","True","{""name"": ""list_files"", ""arguments"": {""directory"": ""data/sample_files""}} {""name"": ""read_file"", ""arguments"": {""path"": ""<file-path>""}} [DONE]"
"ollama","tool_description","36","success","1","278","138.6951","","False","```json {   ""name"": ""list_files"",   ""arguments"": {     ""directory"": ""data/sample_files/""   } } ```"
"ollama","tool_description","37","success","1","278","120.2104","","False","```json {   ""name"": ""list_files"",   ""arguments"": {     ""directory"": ""/data/sample_files/""   } } ```"
"ollama","tool_description","38","success","1","270","118.9689","","False","```json {""name"": ""list_files"", ""arguments"": {""directory"": ""data/sample_files""}} ```"
"ollama","tool_description","39","success","1","326","120.1191","","False","{""name"": list_files, ""arguments"": {""directory"": ""data/sample_files/""}} {""name"": read_file, ""arguments"": {""path"": ""/data/sample_files/file1.md""}} {""name"": read_file, ""arguments"": {""path"": ""/data/sample_files/file2.md""}} {""name"": read_file, ""arguments"": {""path"": ""/data/sample_files/file3.md""}}"
"ollama","tool_description","40","success","1","270","119.996","","False","```json {""name"": ""list_files"", ""arguments"": {""directory"":""data/sample_files/""}} ```"
"ollama","tool_description","41","success","1","300","122.8291","","False","{""name"": ""list_files"", ""arguments"": {""directory"": ""data/sample_files/""}} {""name"": ""read_file"", ""arguments"": {""path"": ""/path/to/file1.md""}} {""name"": ""count TODO markers"", ""arguments"": {}}"
"ollama","tool_description","42","success","1","274","118.7943","","False","{   ""name"": ""list_files"",   ""arguments"": {     ""directory"": ""data/sample_files/""   } }"
"ollama","tool_description","43","success","1","316","126.6183","","False","```json {   ""name"": ""list_files"",   ""arguments"": {""directory"": ""data/sample_files/""} }  {   ""name"": ""read_file"",   ""arguments"": {""path"": ""data/sample_files/file1.md""} }  {   ""name"": ""count_todo_markers"",   ""arguments"": {} } ```"
"ollama","tool_description","44","success","1","278","143.4561","","False","```json {   ""name"": ""list_files"",   ""arguments"": {     ""directory"": ""./data/sample_files""   } } ```"
"ollama","tool_description","45","success","1","278","118.3284","","False","```json {   ""name"": ""list_files"",   ""arguments"": {     ""directory"": ""data/sample_files/""   } } ```"
"ollama","tool_description","46","success","1","278","122.91","","False","```json {   ""name"": ""list_files"",   ""arguments"": {     ""directory"": ""data/sample_files/""   } } ```"
"ollama","tool_description","47","success","1","266","120.8232","","False","{""name"": list_files, ""arguments"": {""directory"": ""data/sample_files/""}}"
"ollama","tool_description","48","success","1","278","120.1544","","False","```json {   ""name"": ""list_files"",   ""arguments"": {     ""directory"": ""data/sample_files/""   } } ```"
"ollama","tool_description","49","success","1","270","115.9983","","False","```json {""name"": ""list_files"", ""arguments"": {""directory"": ""data/sample_files""}} ```"
